tco2_real,tco2_pred
2173.8,2171.8834000000015
2218.7,2217.8579
2189.3,2191.9042999999992
2263.3,2262.9846
2290.6,2291.1000000000004
2204.6,2216.6177999999986
2163.6,2157.0690000000013
2273.91,2269.1421999999984
2109.29,2110.0734000000007
2250.5,2248.9863000000005
2160.4,2160.092800000001
2327.5,2331.2484000000013
2330.8,2331.6429999999978
2276.93,2273.6664000000033
2182.4,2193.9876
2298.4,2295.9293
2231.2,2210.7577000000006
2162.0,2158.7594
2086.0,2082.1008999999995
2169.74,2175.464099999997
2163.67,2160.9381999999996
2373.0,2368.3960000000006
2296.2,2298.1800000000007
2157.7,2158.5144000000005
2090.7,2072.2383999999993
2371.7,2372.233000000002
2195.8,2193.5053000000016
2232.3,2230.7494999999985
2372.0,2374.9079999999994
2213.83,2216.108099999999
2154.9,2155.2422000000006
1939.4,1933.7550000000008
2369.2,2368.5739999999987
2254.2,2248.0976000000005
2160.4,2159.304200000001
2255.1,2254.1826
2201.14,2204.4119
2200.3,2202.233900000001
2275.0,2272.899
2362.6,2361.850999999999
2228.84,2232.2365999999993
2279.6,2276.0240000000003
2254.5,2258.7057999999993
1904.88,1907.315099999998
2161.7,2157.2378999999987
2295.2,2299.7509999999993
2260.8,2256.1763
2157.6,2157.2441999999996
2206.7,2209.3033
2239.87,2215.227600000001
2251.9,2255.1955000000003
2161.8,2166.0684
2291.9,2289.789
2287.6,2288.230799999998
2216.09,2210.437700000001
2210.6,2200.8402
2257.35,2259.0535000000004
2228.8,2226.080200000002
2346.0,2346.8020000000006
1902.7,1899.7237000000005
2294.8,2296.1010000000006
1833.73,1852.5567999999992
1852.1,1995.8212999999992
2312.8,2308.7675
2051.5,2049.7626
2274.9,2276.687700000001
2266.5,2261.203
2213.19,2212.5519000000018
2302.7,2305.615
2344.0,2339.5809999999997
2177.0,2178.7981999999993
2271.3,2267.8456999999994
1820.1,1851.4397000000017
2000.3,2015.2620000000013
2164.89,2163.0534000000007
2252.5,2239.319800000001
2157.4,2156.740400000002
2234.27,2187.7881
2253.3,2253.5553000000004
2169.0,2167.097300000001
2256.7,2259.119800000001
2139.6,2137.593999999999
2150.4,2156.4898000000026
1895.9,1786.6721000000014
2280.6,2278.449700000002
2222.3,2223.1540999999984
2231.95,2237.8936000000017
2251.3,2253.8202000000006
2262.0,2259.9285999999997
2254.78,2260.885600000001
2198.55,2200.3690999999994
2149.0,2145.4439999999995
2248.8,2249.2436999999995
2191.6,2191.0478000000016
2327.2,2330.6569999999983
2221.2,2221.840699999999
2252.73,2257.375699999999
2200.3,2199.994
2266.2,2269.3861000000006
2053.23,2051.6595
2166.17,2166.9579
2255.6,2250.6389
2293.7,2303.9969000000006
2263.6,2264.5423000000005
2151.9,2159.5562999999997
2185.3,2183.402999999999
2252.0,2250.4276000000013
2208.01,2203.655400000002
2263.2,2263.1077999999998
1804.2,1797.9307000000013
1981.8,1983.4400000000005
2261.58,2258.3223000000007
2215.1,2217.6669999999995
2234.0,2237.4451
2262.5,2263.454099999998
2152.23,2155.1238999999987
2269.3,2270.530400000001
2112.28,2109.106600000001
2333.1,2337.491
2162.8,2164.5985999999994
2308.0,2314.2239999999993
2334.4,2335.6010000000015
2266.0,2260.004200000001
2271.5,2269.9394999999986
2155.73,2174.9595000000004
2151.9,2144.0512
2257.4,2257.5856000000003
2119.6,2123.978999999999
2264.0,2264.7448999999997
2149.4,2151.8440999999993
2222.6,2221.4491000000003
2274.4,2274.373399999999
2213.5,2215.5903
2375.6,2376.3230000000012
2209.0,2207.0174000000006
2222.6,2222.608600000001
2076.69,2068.2915999999987
2167.45,2170.248499999999
2237.8,2235.551500000001
2261.1,2262.168600000001
2173.1,2176.2868000000003
2102.68,2100.3175999999994
2301.27,2299.2369
2257.9,2255.6553999999987
2296.0,2293.14
2209.02,2205.2452000000003
2054.09,2076.6438
2153.01,2160.8789999999995
2035.5,2083.9499999999985
2199.1,2191.931899999999
2311.4,2313.9540000000006
1858.44,1852.765299999999
2197.95,2199.1009000000013
2356.7,2360.579999999998
2157.5,2155.3192
2162.56,2161.0812999999994
1786.2,1786.7077000000022
2253.3,2253.296999999999
2068.03,2087.3972
2159.54,2158.3040999999976
2262.95,2265.3206999999984
2152.2,2145.0854999999997
2252.0,2256.552300000001
2282.2,2283.9838
2183.9,2184.0340999999994
2226.2,2233.049300000003
2322.1,2321.725200000003
2212.5,2213.331900000001
2180.6,2186.370200000002
1892.1,1901.0812999999991
2120.5,2121.5951999999984
2196.8,2199.1493
2253.47,2234.722900000001
2263.12,2262.276999999998
2252.4,2257.1418000000012
2258.6,2259.9399999999996
2155.7,2158.4150999999997
2260.84,2258.0056999999993
2371.6,2369.939000000001
2189.5,2192.2464999999984
2373.5,2369.4120000000016
2227.6,2217.451300000001
2035.1,2070.1146
2227.2,2226.5182999999993
2214.0,2215.7869000000005
2161.0,2158.2341
2161.3,2163.0501999999997
2133.77,2133.2353000000003
2150.1,2150.4311000000002
2240.4,2246.3340000000007
2237.24,2232.4379999999996
2269.5,2270.1955999999986
2270.6,2267.4951000000005
2268.99,2265.3285999999994
2158.0,2158.480100000002
2253.69,2255.7946
2141.0,2140.0684
2137.6,2127.9953999999993
2273.0,2283.1275999999993
2160.56,2161.112800000001
2050.7,2065.0578000000005
2158.2,2157.879500000001
2152.7,2157.2676000000006
2254.6,2256.549400000001
2259.8,2261.198399999999
2181.2,2177.3275000000017
2195.0,2188.1903999999986
1878.1,1883.6479000000018
2345.7,2344.0759999999996
2221.7,2221.0994000000014
2254.9,2257.786499999998
2262.0,2264.611999999999
2156.9,2157.537600000001
2160.5,2157.601500000001
2133.89,2132.6778000000013
2202.26,2202.2518999999998
2259.2,2258.4674999999993
2159.8,2169.4032999999986
2039.6,2028.9595999999988
2159.08,2155.5845
1864.1,1872.0388000000003
2269.6,2267.2127000000005
2014.26,1902.2889000000007
2287.0,2282.5138
2345.3,2353.7850000000008
2222.4,2222.337199999999
2228.34,2223.996700000001
2231.69,2231.3661999999986
2338.8,2338.3320000000017
2074.1,2076.2946999999995
2195.0,2192.1713
2226.6,2231.8707999999983
2009.4,2011.3572999999992
2254.6,2273.084999999999
2137.7,2113.2569000000008
2202.05,2202.3014000000003
1819.89,1803.2249
2159.5,2155.0695000000014
2264.7,2267.6557999999986
2158.12,2118.7077999999997
2257.0,2256.21
2281.8,2294.2388000000005
2180.0,2170.9401000000007
2091.3,2093.0570000000007
2064.0,2063.216599999998
1685.3,1778.7066
2252.17,2252.1947
2095.58,2097.586600000001
2039.53,2036.997699999998
2297.7,2299.765999999999
2159.0,2155.6451000000015
2252.15,2249.8609000000006
2177.7,2176.9900000000016
2162.0,2162.939699999999
2232.27,2230.072800000001
2227.88,2228.3048000000003
2259.8,2262.0100000000007
2194.9,2195.1723
2295.7,2289.414499999999
2208.6,2204.7295000000004
2325.0,2321.8188000000005
2171.1,2169.1979
2224.4,2225.643599999999
2217.4,2212.611799999999
2227.14,2234.903300000001
2278.57,2286.991499999999
2354.3,2357.472999999999
2116.5,2091.272700000001
2223.73,2221.8352999999997
2295.4,2297.445999999999
2262.0,2261.751999999999
2239.15,2240.8336999999997
1997.0,2007.8311000000008
2257.8,2256.1354
2202.59,2203.233200000001
2253.87,2256.9375999999993
2163.8,2159.0899000000018
2250.1,2249.9215000000004
2154.0,2156.5856
2247.8,2251.228099999999
2097.6,2093.740800000001
2056.37,2058.764600000002
2141.59,2145.0733999999998
2031.2,2029.7564999999986
2254.0,2252.0780999999993
2340.7,2336.3600000000006
2274.8,2273.0474999999997
2162.0,2163.1230999999993
2221.6,2221.7343000000023
2236.8,2233.1591000000003
2112.0,2118.1246
2094.4,2114.6195
2161.3,2156.6666
2154.5,2165.7966999999994
1931.2,1931.7741999999987
2203.52,2199.0385000000006
2217.2,2211.428900000001
2169.9,2161.9932
2114.4,2110.960699999998
2154.4,2156.5477000000005
2315.7,2331.9859
2267.5,2265.430999999999
1926.39,1893.9662999999998
2162.2,2164.971399999999
2232.2,2238.237400000001
2015.8,2043.5254000000004
2114.9,2094.0281999999997
2215.4,2222.8309000000013
2162.67,2155.1415999999986
2269.6,2269.1050000000005
2351.0,2345.5679999999998
2152.4,2150.973299999999
2259.2,2260.083700000001
2154.76,2152.3829000000005
2261.4,2261.9905000000003
2199.8,2197.3795999999998
2212.4,2213.142899999997
1879.14,1870.5174999999997
2197.8,2200.0134
1959.6,1963.4122999999984
2281.5,2283.0325000000016
2351.3,2344.9959999999996
2219.9,2220.9771
2170.2,2168.2273
2206.3,2205.594200000002
2266.1,2261.562100000001
2226.1,2200.7111000000004
2347.2,2359.9710000000005
2112.43,2083.5849999999996
2113.4,2112.924299999999
2345.6,2345.3524000000007
2154.35,2148.2639999999983
2267.4,2267.3875
2207.68,2204.110700000002
2185.0,2187.2430999999992
2238.2,2238.3396
2275.5,2274.340399999999
2255.64,2259.976599999998
2057.9,2055.5449999999996
2220.6,2217.511
2168.9,2171.5909
2263.5,2260.4102999999996
2252.6,2246.5006000000003
2270.1,2268.5015999999996
2214.3,2215.9718
2228.67,2218.5579
2154.1,2157.681099999999
2252.4,2207.6007000000004
2274.5,2271.372000000001
2316.6,2312.488500000001
2256.9,2254.5287999999996
2156.1,2161.403900000001
2328.5,2334.452
2257.1,2255.6504999999984
2199.4,2201.530200000001
2269.6,2268.000299999999
2291.2,2290.0260000000003
2153.7,2155.7077
2255.3,2256.0070000000005
2199.5,2198.5652999999984
2187.78,2188.4645000000014
2137.3,2139.2168999999985
2169.0,2153.802399999998
2153.1,2154.8145999999997
2251.9,2253.348399999999
2270.8,2269.3322000000007
2274.2,2271.4888999999994
2209.6,2214.0328000000004
2181.7,2171.0173
2146.7,2158.166799999999
2224.0,2221.7623000000012
2318.75,2317.497999999999
2235.67,2231.2876000000015
2276.4,2282.6714000000006
2259.3,2260.8974000000007
2257.1,2258.571199999999
1897.1,1890.1627999999985
2279.28,2274.2143
1997.7,1995.1769999999995
2255.9,2255.5495000000005
2153.8,2158.5596999999984
2176.86,2177.3421
2097.6,2115.807799999999
2189.9,2191.5416000000014
2274.1,2256.0545999999995
2155.0,2151.2493
2254.5,2256.4556
2261.3,2260.7931
1916.3,1915.801999999997
2364.2,2363.250000000002
2228.83,2227.8819999999996
2105.3,2081.4062000000004
2217.6,2216.3545999999983
2014.5,2028.0752000000011
2135.9,2133.536400000002
2263.8,2264.3150000000014
2209.3,2215.475900000001
2185.6,2189.3136999999974
2154.35,2148.055099999998
2353.4,2357.9900000000007
2189.12,2192.4660999999987
1982.2,1975.1266999999996
1777.0,1779.955100000001
1950.0,1959.4976000000001
1987.04,1988.7640000000006
2208.7,2213.0159
2285.3,2284.0863999999974
2161.63,2161.2639999999997
2151.1,2151.107700000002
2103.7,2102.473
2237.4,2233.7961999999998
2319.2,2313.304000000002
2305.0,2332.7969999999996
2207.3,2201.658099999999
2248.1,2248.6030999999984
2202.2,2220.4730999999997
2185.2,2183.3855000000003
2267.5,2268.8642999999993
2204.06,2201.8989000000006
2147.41,2178.2118
2159.83,2160.074699999999
2177.3,2178.2009
2245.44,2247.9590000000003
2206.3,2207.4007000000015
2252.86,2254.9840999999988
2267.3,2266.8795
2278.27,2275.4315000000006
2100.6,2112.925700000001
2259.66,2261.6211000000003
2160.35,2161.5018999999984
2290.1,2299.2370000000005
2243.0,2237.881899999999
2163.5,2157.7503999999976
2176.6,2178.1533999999992
2231.7,2218.4908
2346.4,2352.8869999999997
2246.2,2243.404100000001
2297.5,2300.4988000000017
2164.2,2162.2492000000016
2265.3,2266.3258
2350.0,2339.8179999999998
2272.7,2273.0556000000006
2202.0,2204.7340000000013
2098.2,2099.4581999999996
2119.4,2117.168399999998
2130.07,2119.155900000001
2159.07,2155.617600000001
1984.2,1984.511
2374.0,2370.944
2233.3,2235.5682000000006
2213.8,2192.385799999999
2361.0,2360.982000000001
2129.33,2132.1464000000005
2287.79,2275.0596999999984
2159.0,2163.114000000001
2264.92,2256.8664999999996
2183.9,2179.1386999999995
2050.5,2051.9818999999984
2243.7,2248.1618000000003
2190.86,2187.4139999999998
2109.13,2113.5673999999985
2311.9,2315.937500000002
2153.6,2154.0406999999996
2144.98,2143.2491000000005
2258.8,2256.334100000001
2262.4,2260.552700000001
2155.7,2155.336900000001
2189.4,2184.247299999999
2266.68,2261.111999999999
2262.8,2260.7354999999993
2273.3,2276.524599999999
2274.5,2276.813999999997
2283.4,2274.1937999999996
2259.0,2257.657400000001
2133.77,2132.018700000001
2255.0,2253.522000000001
2233.9,2230.884200000002
2151.7,2155.712300000001
2264.8,2266.248899999999
2172.2,2121.4832999999994
2236.8,2239.1810000000014
2372.3,2367.3239999999983
2175.4,2178.286499999999
2161.95,2163.3004000000005
2309.7,2308.0200000000023
1907.3,1907.0340999999999
2235.2,2232.7635000000005
2221.0,2221.755400000001
2290.64,2290.3562999999976
2257.9,2257.2235999999994
2246.9,2245.8629000000014
2341.5,2340.7749999999996
2257.4,2260.8356000000003
2302.2,2313.053999999999
2263.0,2264.5289999999995
2273.4,2270.2066999999997
2289.8,2290.2949999999987
2077.0,2076.344799999999
2302.45,2303.4707000000026
2311.3,2305.583700000003
2157.4,2160.5465
2124.7,2107.3152
2250.8,2253.1490999999996
2223.87,2222.8976
2161.8,2163.0741
2294.8,2296.9601999999995
2153.44,2154.584399999998
2212.49,2219.1698999999994
2174.1,2166.3237000000004
2125.6,2131.5903000000003
2166.19,2162.0237000000006
2118.4,2123.671800000002
2362.7,2364.9709999999995
2189.33,2193.3731
2251.0,2252.9411999999984
1953.3,1954.9132999999995
2261.3,2260.7017
2163.4,2162.942299999999
2347.1,2343.399000000002
2346.0,2344.4460000000017
2200.45,2196.885799999999
2347.3,2346.6490000000003
2300.9,2299.9473999999977
2196.5,2192.5289000000025
2233.4,2241.138099999999
2051.0,2057.4316
2156.1,2154.8539
2194.9,2194.4414000000006
2251.0,2251.1363999999994
2142.64,2140.2273000000014
2224.4,2219.736799999998
2095.06,2102.6082999999994
2353.8,2356.6869999999994
2339.6,2338.5990000000015
2157.94,2160.843699999999
2178.2,2175.131999999999
2161.45,2159.2641000000003
2211.95,2224.2848999999997
2400.2,2398.101000000001
2364.0,2367.8860000000004
2035.9,2054.2742000000007
2189.0,2185.228300000001
2238.4,2235.663200000001
2278.0,2279.3427
2057.2,2046.5355000000009
2166.3,2161.7618999999995
2274.1,2282.4742
2061.1,2054.8819999999996
2105.49,2118.7322999999997
2298.48,2296.9752000000003
2163.96,2164.749599999999
2345.9,2346.412999999999
2174.68,2174.5568
2304.8,2308.5689999999995
2277.9,2281.0804000000003
2064.5,2064.3529999999982
1989.1,1989.6820000000005
2297.2,2296.0977999999973
1996.1,1999.0718999999997
2184.38,2193.1629000000016
2290.8,2289.3343999999997
2257.2,2254.706299999999
2226.7,2224.7403999999997
2157.3,2157.1536000000006
2265.0,2270.8280999999993
2258.1,2249.369799999999
2282.0,2285.6339999999996
2285.0,2288.300099999997
2034.34,1975.5940999999993
2267.52,2273.609699999999
2378.9,2379.3179999999993
2287.3,2287.1228999999994
1771.6,1768.0399999999995
2255.59,2258.5570000000007
1993.3,1997.6778
2182.2,2178.605999999998
2079.6,2067.985000000001
2177.2,2175.615099999999
2256.4,2255.8017999999997
2070.95,2068.8023999999996
2147.73,2148.6146
2259.5,2260.381
2280.0,2280.7310000000007
2004.0,2048.4085
2289.73,2290.0896
2005.0,2038.4726999999996
2310.0,2312.8909999999996
2195.5,2195.0294000000017
2200.1,2200.1841000000004
2186.8,2186.1381999999994
2276.6,2276.6980000000003
2167.36,2164.448400000001
2271.5,2268.5348
2359.4,2358.5460000000007
2231.22,2231.910100000003
2266.1,2263.898700000001
2227.8,2227.8767999999995
2154.47,2154.0755999999983
2267.0,2267.1084999999994
2191.9,2195.2599999999984
2188.81,2187.395999999998
2261.3,2255.815000000002
2008.5,2009.069500000002
2247.2,2243.609200000001
2263.1,2265.0970999999995
2278.3,2272.923000000001
2156.8,2155.6743
2262.7,2264.8878000000004
2207.27,2204.4770000000026
2246.7,2247.4519000000005
2174.2,2174.2292
2262.4,2261.4966
2340.6,2333.4820999999997
2261.51,2261.805900000001
2271.8,2269.7774999999992
2222.4,2187.6223
2280.2,2284.2119999999986
2132.0,2131.3695
2199.8,2199.6074000000003
2222.0,2186.8727
2249.2,2248.3803
2191.69,2199.6174000000015
2243.1,2249.0809999999988
1969.6,1975.3399999999995
2263.6,2265.149799999999
2223.13,2223.3114999999993
2216.1,2218.940200000001
2135.9,2144.9162
2230.5,2212.3807999999976
2099.58,2101.8234000000016
2060.4,2046.206300000001
1925.58,1931.2211999999993
2268.8,2262.128999999998
2174.63,2173.9155
2258.6,2265.3788999999997
2024.6,2034.8296999999998
2217.6,2219.7530000000006
2264.7,2263.1695000000013
2330.3,2324.552000000001
2043.39,2057.1287999999995
2263.8,2264.160999999999
2170.5,2173.3075999999996
2248.35,2249.4135999999985
2312.6,2314.321000000003
2259.5,2259.6009
2106.8,2106.4548999999997
2340.3,2338.9210000000026
2251.0,2251.939299999999
2264.66,2258.7794000000013
2223.8,2224.6869999999994
2258.1,2252.2832
2225.09,2169.1726
2198.7,2200.3150999999993
2203.8,2200.0541
2270.5,2268.1252
2222.2,2222.144
2198.47,2203.1133000000004
1998.8,2010.251399999998
2192.8,2188.335899999999
2275.0,2278.4380000000006
2266.08,2271.598
2231.5,2229.3632999999995
2394.9,2385.7190000000005
2155.2,2155.5591000000013
2180.8,2180.1634999999987
2324.2,2328.461999999998
2198.6,2186.7088999999983
1956.17,1880.2281999999998
2203.49,2203.719700000002
1905.7,1903.7619999999995
2164.3,2165.9348
2146.9,2146.8336000000018
2191.9,2192.375499999997
2300.8,2304.3919999999994
1927.85,1906.0375999999992
2029.0,2039.7490999999998
2261.6,2262.4411000000005
2129.1,2121.0650000000005
1974.02,1972.4388000000004
2169.9,2172.3633
1897.2,1902.698
2276.9,2276.877400000002
2306.2,2301.6840000000007
2015.6,2017.5455999999997
2158.1,2161.9137
2174.7,2175.8028999999997
2161.91,2165.2519999999986
2362.3,2361.9719999999998
2253.9,2256.3871000000004
2316.3,2314.5984000000003
2127.88,2131.628500000001
2152.5,2146.0277999999994
2261.03,2263.4147000000007
2157.1,2155.6300000000006
2179.68,2179.7954
2247.2,2246.9148000000027
2261.57,2265.4237999999978
2212.6,2212.801900000001
1968.4,1969.4544000000012
2260.7,2263.920800000001
2263.99,2268.2353999999978
2259.52,2262.110899999999
2159.7,2152.484300000001
2260.3,2257.8776
2182.1,2186.227999999999
2206.8,2202.6365000000014
2220.9,2220.6267
2060.1,2059.220799999999
2297.1,2293.7508000000007
2086.14,2100.1834000000013
2220.0,2223.2171999999987
2193.5,2196.8021999999996
2156.12,2158.5587
2370.2,2371.4379999999996
2258.3,2253.7674999999986
2112.8,2083.267399999999
2248.9,2249.6508000000003
2274.7,2282.4044999999974
2113.69,2118.5877
2065.0,2065.9287
2354.7,2353.5559999999987
2319.9,2322.479
2084.61,2096.2642
2249.6,2250.4291000000017
2280.5,2278.1665000000007
2364.0,2378.833
2155.2,2154.4305000000004
2393.0,2388.2269999999994
2271.7,2269.3473999999987
2267.1,2268.7692000000006
2182.8,2154.0729000000015
2176.2,2177.0746000000004
2237.6,2241.8960000000015
1978.9,1982.969
2051.81,2048.7236999999996
2349.5,2349.4190000000012
2260.5,2263.3135999999995
2172.5,2187.9627000000005
2250.7,2250.8458000000005
2291.6,2293.205700000002
2022.25,2030.2998000000016
2256.12,2264.0825999999975
2088.2,2090.8335000000015
2181.5,2180.4437000000003
2158.6,2159.3262999999997
2326.4,2330.535400000001
2162.5,2163.8383000000013
1952.3,1955.7391
2163.8,2162.020299999999
2240.8,2277.0856999999987
2114.5,2115.2618999999995
2149.4,2151.7735000000016
2349.6,2326.2780999999986
2267.43,2273.2315000000017
2250.9,2252.2582
2362.0,2364.271
1971.99,1972.8860000000004
2259.7,2259.7635999999998
2158.8,2157.798100000001
2265.46,2267.1425999999988
2193.76,2195.1358000000005
2286.9,2287.915999999999
2254.4,2254.0633
2162.47,2153.734199999999
2291.4,2252.4915000000005
2201.77,2198.299799999999
2148.4,2145.8590000000004
2363.4,2363.5039999999995
2229.47,2230.5865999999996
2264.3,2266.0760999999993
2273.9,2273.9547000000002
2135.4,2123.5468
2159.5,2157.2846000000013
2260.1,2258.3319999999994
2254.5,2254.9059
2180.1,2178.1484
2168.71,2173.3191999999995
2258.2,2258.8120999999996
2309.2,2311.0529999999994
2187.4,2187.7203000000004
2380.0,2377.7709999999984
2343.8,2340.591999999999
2351.0,2320.320199999999
2267.85,2270.813799999998
2258.2,2255.9379999999987
2357.4,2362.9680000000003
2226.27,2229.279299999999
2259.3,2259.313200000001
2155.25,2139.3308999999995
2286.4,2291.9299999999994
2327.8,2328.082
2089.4,2094.870100000002
2264.11,2267.893500000002
2169.0,2168.0899999999983
2163.6,2158.3336999999997
2201.9,2187.176900000001
2192.4,2195.659199999999
1882.6,1886.6164999999999
1953.4,1955.5299999999997
1898.2,1894.4498999999996
2296.8,2297.086100000002
2146.8,2146.8152
2093.4,2089.5510000000017
2161.76,2160.371499999999
2159.12,2159.384200000001
2142.9,2136.4604000000018
2171.6,2200.922700000001
2350.3,2350.1009999999997
2182.7,2185.5024000000003
2167.4,2162.3527000000004
2337.7,2337.476000000003
2333.2,2332.716099999999
2099.7,2105.5317999999997
2239.5,2241.2023999999988
2098.9,2109.0003999999994
2132.0,2126.117999999999
2256.96,2250.5375
2039.0,2047.5999000000002
2274.5,2273.111199999999
2258.9,2258.417600000001
2249.29,2247.5524000000005
2157.46,2160.621500000001
2251.9,2250.996200000001
1961.5,2002.9655000000012
2244.78,2246.3853000000004
2193.8,2195.9877000000006
2251.8,2252.932099999999
2348.7,2352.564
2196.3,2198.4846000000002
2073.42,2063.8824999999993
2253.7,2254.102999999999
2155.81,2155.8469999999998
2259.2,2253.5627999999983
2124.39,2124.4341999999997
2274.0,2276.207900000001
2370.9,2367.4010000000007
2223.7,2219.048800000002
2160.1,2163.800200000001
2250.7,2222.022200000001
2000.2,1998.5046000000004
2269.9,2271.3231999999994
1954.7,1961.6339999999996
2155.1,2153.694000000001
1930.06,1722.3238000000006
2179.1,2175.980300000002
2258.66,2255.9507999999983
2154.6,2155.194099999998
2167.46,2165.2884000000004
2258.98,2258.4669999999983
2263.5,2266.0048999999995
2159.55,2155.8694999999993
2204.37,2201.7597
2232.2,2230.6589999999987
2100.6,2102.0475
2268.1,2266.7866
2279.9,2272.3725
2254.1,2256.301
2142.2,2148.8217
2219.2,2230.2525
2334.5,2335.3139999999994
2255.2,2256.3022999999994
1918.2,1915.0249999999992
2367.5,2360.0489999999986
2199.51,2201.7666000000013
2208.9,2210.8978000000006
2193.3,2175.9866
2232.7,2228.9921000000004
2214.9,2213.797
2253.7,2254.6501000000007
2262.1,2259.3503000000005
2160.86,2162.4026
2105.09,2092.111099999999
2195.0,2189.3391999999994
2273.4,2270.0869999999995
2190.77,2198.1353999999997
2253.2,2257.137700000001
2073.6,2054.1082000000006
2193.9,2197.5959000000016
2258.7,2259.2504
2277.3,2274.9529
2191.3,2189.1452999999997
2379.0,2371.0419999999995
1890.61,1879.1527999999996
2376.0,2373.146
2019.8,2020.7344
1897.7,1901.2908999999988
1905.2,1900.0404999999996
2362.4,2365.0449999999996
2111.9,2131.0160999999985
2159.3,2159.7791
2004.61,2008.200699999999
2229.3,2222.2285
2277.2,2275.4742000000006
2268.66,2270.6627000000003
2211.4,2208.8306
2261.7,2264.137799999999
2166.06,2163.790100000002
2359.8,2361.9069999999997
2197.86,2196.678200000001
2213.7,2215.5886000000014
2218.82,2211.452
2160.8,2163.2334999999994
2357.4,2354.8059999999987
2154.37,2142.5211
2123.83,2129.358799999999
2174.0,2167.2205999999996
2192.9,2195.3674
2264.7,2265.7297999999996
1924.06,1919.5491999999992
2380.7,2377.7160000000003
2251.0,2250.4237999999996
2265.3,2265.1528000000017
2262.07,2260.4597000000003
2184.5,2193.3772999999987
2349.7,2347.909000000002
2262.5,2260.726599999999
2227.8,2224.092200000002
2271.8,2255.095299999999
2196.76,2099.945199999999
2123.7,2124.251600000003
2140.4,2132.1533999999997
2252.8,2247.4634000000005
2319.6,2341.9600000000005
2318.9,2321.3310000000015
2219.2,2220.6009999999987
2253.8,2256.5116
2351.8,2347.282000000001
2033.3,2027.3571000000002
2273.2,2278.1616000000017
2258.5,2258.0486000000005
2295.2,2296.2530000000015
2246.3,2246.4912000000018
2144.0,2146.7594
2253.3,2254.865
2238.92,2231.1157000000003
2354.2,2352.9300000000003
2282.9,2278.067500000003
2248.4,2251.7461
2282.5,2280.4435000000003
2260.8,2260.3111999999983
2257.7,2260.1230000000014
2118.78,2144.0768
1972.2,1975.8240000000008
2158.6,2159.3632000000007
2181.38,2181.4968000000013
2259.9,2260.377800000001
2162.7,2160.8100000000004
1937.9,1937.9964000000007
2158.0,2157.7289000000005
2258.0,2258.814700000001
2163.49,2161.4697999999994
2262.6,2260.3254000000015
2355.4,2354.458000000001
2266.9,2266.755799999999
2233.2,2242.9031999999997
2151.5,2156.8762000000015
2204.3,2202.6689999999994
2308.3,2306.168800000002
2164.2,2164.669100000001
2267.8,2267.12
2194.46,2191.836399999998
2345.7,2347.5970000000025
2171.97,2173.501300000001
2356.2,2354.958
2173.1,2175.1423
2215.7,2218.3552000000004
2102.3,2102.6272000000004
2265.6,2263.1595999999986
2275.9,2275.267400000001
2154.3,2153.2210000000005
2195.0,2192.9076
2295.0,2290.3276000000014
2245.6,2245.9309000000007
2298.0,2295.100300000001
2039.0,2033.9429999999995
2273.6,2271.9528000000005
2352.7,2351.038999999999
2318.8,2283.005700000002
2049.04,2053.913700000002
2251.0,2251.555799999999
2349.2,2349.1930000000007
2361.5,2363.6909999999993
2321.6,2327.7940000000012
2275.5,2278.0977999999996
2303.7,2313.9299999999985
1969.1,1965.6548
2253.2,2250.8581
2132.7,2140.174
2263.6,2258.465700000001
2148.25,2154.8728000000015
2072.65,2073.6503999999995
2245.0,2248.9102999999996
2246.5,2256.1317999999997
2288.0,2288.626800000001
2124.4,2126.822400000001
2318.41,2317.3460999999998
2101.77,2119.3360999999995
2188.1,2193.9427
2188.06,2188.9103999999993
2204.0,2198.5271999999995
2273.3,2270.085999999997
1966.31,1969.1122000000003
2160.0,2159.100699999999
1900.4,1901.8876999999993
2229.2,2228.093500000001
1968.95,1919.4921
2258.9,2256.754599999999
2222.3,2217.538000000001
2331.5,2332.3482000000004
2077.88,2068.1317999999983
2186.54,2187.3922000000007
2336.2,2337.196000000001
2335.9,2338.1779000000006
2131.0,2129.7184000000016
2257.9,2261.6914000000006
1982.2,1987.3025999999998
2286.7,2285.3109999999997
2224.91,2226.219000000001
2209.5,2209.6767
2243.4,2241.9029000000005
2266.1,2265.7866999999987
2095.6,2094.6043000000004
2194.1,2185.4093999999986
1942.5,1935.8259999999996
2269.7,2272.5552999999995
2290.0,2293.281699999999
2310.8,2309.2999999999997
2202.5,2204.529700000001
2263.3,2262.061900000001
2189.5,2192.462899999999
2016.3,2024.2610999999988
2211.1,2215.279500000001
1977.1,1976.1455000000008
2178.2,2177.080999999997
2156.5,2153.0833
2198.64,2192.689900000003
2116.51,2115.7062000000005
2315.1,2304.3705000000004
2158.6,2159.5938000000006
2188.74,2188.753700000001
2298.2,2307.6924
2276.6,2276.519300000001
2255.1,2246.9115
2184.31,2184.5396
2316.6,2314.1392000000014
2198.51,2198.5071
2147.0,2142.2715000000007
2258.0,2260.3618000000006
2297.8,2294.7405000000012
2154.7,2157.9131999999995
2329.7,2329.6680000000015
2262.05,2260.3430999999996
2004.8,2008.4334000000003
2349.7,2349.6409999999987
2250.8,2254.066299999999
1868.6,1890.8004999999987
2295.6,2293.5117999999984
2252.4,2251.5682000000006
2283.0,2283.8139999999994
2157.3,2154.8214999999996
2031.1,2031.0137000000009
2229.2,2229.4913
2196.0,2199.5138
2255.46,2244.5879999999975
2036.9,2027.5052000000005
2292.0,2290.6446000000005
2081.4,2078.0197999999996
2210.4,2214.536200000001
2153.57,2163.3019999999997
2245.94,2251.3044999999997
2220.45,2221.2743999999975
2246.2,2251.582799999998
2048.99,2044.0222999999983
2249.2,2246.478200000002
2281.6,2284.1821
2247.8,2248.2659999999996
2320.3,2329.737
2262.5,2265.8509999999997
2302.0,2310.494999999999
1954.3,1959.5894000000005
2277.1,2275.2042000000006
2169.8,2167.9496
1880.6,1892.4737999999988
2247.3,2246.1063
2263.3,2259.0999000000006
2292.9,2285.1198
2123.6,2121.130600000002
985.4,1078.2443999999998
2171.8,2168.948100000001
2187.6,2185.0717000000004
2290.0,2292.0262000000016
2155.16,2142.7866999999997
2074.0,2096.8816999999995
2160.86,2158.7621
2267.5,2267.578199999999
2105.6,2111.144199999999
2275.64,2275.5240000000017
1867.1,1853.6591999999991
2247.4,2247.5640000000003
2257.6,2261.4776
2198.5,2199.8693000000003
2231.5,2235.1944000000003
2253.4,2254.4742999999994
2340.1,2339.716
2258.5,2255.8418000000006
2131.1,2120.5035000000003
2050.0,2044.9719999999993
2247.1,2246.1112000000007
2347.0,2340.3429999999994
2251.1,2250.5636999999992
2157.4,2158.8071999999984
2167.04,2156.2315999999996
2103.0,2097.5796
2156.6,2158.9609
2172.4,2173.3263
2065.9,2064.7861999999996
2262.1,2262.7329999999984
2159.5,2167.9929999999995
2258.9,2257.3504000000003
2149.91,2143.0288000000005
2110.5,2119.3647000000005
2146.97,2159.9449000000013
2076.93,2105.9236
2269.1,2277.2615999999975
2250.87,2246.709000000001
2194.0,2200.8334000000004
2183.4,2206.0799
2253.9,2266.4201
2208.47,2205.9802
2261.9,2260.6079
2200.23,2200.8619999999996
2248.86,2249.1203
2360.0,2362.4080000000004
2193.1,2196.4365
2335.2,2326.6720000000014
2270.0,2270.6937999999996
2250.97,2255.0023
2185.0,2183.026499999998
2089.81,2094.2546999999995
2197.1,2200.8650000000007
2251.25,2256.1384000000003
2303.0,2307.8079999999977
2255.6,2256.3195999999994
2359.6,2359.152
2305.0,2302.8060000000005
2183.6,2188.9319999999993
2256.0,2247.1175
2258.7,2258.2682999999997
2073.89,2081.3148999999994
2203.9,2207.9023
2136.4,2141.5870999999997
2200.1,2198.9979000000003
2164.8,2165.1070999999997
2218.4,2218.2730000000024
2155.1,2162.6667000000007
2153.5,2154.1997999999985
1921.58,1920.6040999999989
2073.1,2073.994400000001
2264.8,2268.8254
2278.3,2271.086800000002
2209.6,2211.9377000000004
2174.8,2187.5408
2256.2,2256.6336000000006
2172.5,2170.813000000001
2202.6,2204.688800000001
1929.0,1892.0958999999991
2181.5,2189.4075999999986
2245.2,2248.0945
1898.9,1897.3769999999986
2267.25,2271.9291
2156.0,2165.2218999999996
2291.0,2285.9746
2175.9,2174.7985000000012
2197.95,2200.1305999999986
2125.07,2150.8301999999994
2270.0,2272.027000000001
2269.22,2273.5323000000008
2303.1,2304.3724999999986
2188.5,2220.1958
2276.3,2269.625999999998
2001.9,2007.8314000000018
2015.2,2015.2612000000015
2219.9,2220.941399999999
2159.9,2152.871100000001
2162.8,2162.3874
2148.6,2149.0066
2186.92,2201.012000000002
2158.0,2157.1597000000024
2257.0,2256.5643
2165.5,2166.5724999999993
2251.3,2248.476099999999
2157.3,2160.5517
2259.0,2259.769000000001
2272.4,2245.855599999999
2338.3,2340.7412999999997
2269.5,2274.532900000002
2173.4,2176.965100000001
2140.39,2140.6800999999996
2128.9,2125.2812999999996
2258.35,2264.5168000000012
2220.9,2218.2613
2158.4,2158.5527
2209.22,2217.5261
2282.4,2282.824399999997
1908.83,1913.0502999999987
2137.0,2128.487600000001
2215.8,2221.2149000000004
2161.1,2167.0755000000004
2196.4,2198.4341
2370.3,2370.4409999999966
2230.8,2229.0837000000006
2365.0,2364.6430000000014
2260.5,2259.310000000003
2009.72,1936.1451999999997
2027.6,2018.560700000002
2224.6,2221.878800000001
2039.8,2047.1959000000002
2260.0,2262.035600000001
2038.71,2038.1010000000015
2171.2,2167.1016000000004
1967.4,1971.5336999999997
2278.1,2275.704000000002
2200.8,2202.4855000000007
2337.4,2343.5360000000005
2003.0,2028.7987000000005
2252.41,2253.7218000000007
2217.2,2217.058299999999
2219.0,2218.462499999999
2282.0,2282.912600000002
2126.3,2127.9521999999993
2385.1,2378.1980000000003
2257.8,2257.858399999999
2147.49,2084.078399999998
2130.4,2153.4666000000025
2176.5,2180.082700000001
2266.6,2266.8332
2139.1,2152.361
2366.7,2365.6790000000005
2167.7,2168.382
2184.1,2190.6476000000002
2158.0,2157.602
2273.3,2273.490400000001
2269.3,2269.1829999999977
2362.6,2358.2340000000004
2218.92,2184.9102000000003
2029.9,2017.1729000000007
2064.4,2070.0011000000004
2121.0,2132.3097
2161.83,2161.1344999999997
2166.3,2166.8760999999995
2263.0,2258.765
2328.9,2328.6239999999984
2255.9,2254.915599999998
2345.2,2353.8410000000017
2215.91,2216.7444
2173.7,2170.555400000002
2188.6,2185.5316000000003
2233.4,2249.805
2218.5,2225.658800000001
2200.1,2197.825800000001
2149.0,2150.0971
1812.79,1860.4017000000001
2055.3,2045.4143999999987
2356.5,2355.251
1820.1,1821.0349999999996
2185.0,2186.0870999999997
2255.5,2256.627200000001
2246.1,2249.1985000000013
2225.3,2226.9631999999997
1912.6,1914.1371999999997
2158.1,2160.9171000000015
2220.05,2214.4159999999997
2246.9,2250.2744
2281.4,2307.438999999998
2265.2,2271.2848000000013
2052.6,2054.6038000000017
2163.13,2163.0307000000003
2086.4,2090.189500000001
2154.2,2195.1238000000017
2216.5,2217.252800000001
2006.4,2003.4312999999997
2258.3,2258.1901
2365.6,2369.1020000000008
2242.8,2250.5561000000002
1952.69,1826.294800000001
2221.4,2237.2581
2261.3,2262.1565
2163.25,2162.6024000000007
2026.0,2035.0444999999986
2199.2,2199.3643000000015
2200.5,2199.1530000000002
2227.96,2222.909299999998
2306.4,2305.9989999999993
2102.27,2112.2392999999997
2231.57,2234.755800000001
2256.1,2266.9386999999983
2266.4,2267.9136000000003
2199.0,2199.8284000000003
2151.99,2153.1895000000004
1964.4,1970.0408999999993
2161.97,2166.6348999999987
2256.0,2250.781600000001
2311.7,2309.4664000000007
2132.8,2135.8616000000006
2250.0,2251.9470000000015
2117.47,2038.6640000000011
2273.5,2271.3005999999996
2312.2,2309.615000000002
2163.0,2167.2538999999997
1938.7,1990.1848000000007
2261.8,2263.0812000000005
2316.7,2315.2912000000015
2328.0,2332.323999999998
2302.4,2299.647399999999
2252.8,2246.0927000000015
2180.1,2174.5853
2086.9,2090.924699999999
2262.4,2262.998300000001
2063.9,2072.6073000000006
2263.9,2265.1709
2168.1,2164.9105
2148.3,2163.427800000001
2204.1,2204.2671999999984
2156.96,2160.8056999999985
1899.5,1897.9138000000007
2250.7,2248.9483999999998
2248.66,2249.3181000000004
2362.0,2363.3230000000012
2066.4,2075.4049
2261.5,2260.2255999999998
2090.54,2089.8693000000003
2201.1,2253.0889000000006
2262.1,2263.4332
2311.2,2305.8948000000005
2076.6,2074.9594
2213.6,2213.2390000000014
2155.1,2157.673200000003
1810.0,1815.2303
2054.6,2055.7557000000006
2082.4,2087.541699999998
2168.7,2169.6897000000004
2098.54,2109.7717999999995
2262.0,2262.1952
2212.2,2213.273599999999
2259.9,2261.3849
2192.68,2194.468899999999
1986.8,1980.7369000000012
2261.9,2264.9171
2071.2,2065.138099999999
2055.0,2055.4469999999997
2201.4,2202.574600000001
2264.1,2264.580999999997
2089.3,2090.432000000001
2238.8,2242.1422999999995
2238.3,2242.652100000002
2235.9,2232.0948
2298.7,2308.3719999999985
2230.26,2228.8966999999993
2239.6,2240.068299999998
2252.98,2255.3702
2276.7,2271.3448000000008
2199.6,2197.5343000000016
2302.0,2302.4470000000006
2255.7,2257.2682000000004
2271.7,2264.1381999999985
2251.4,2259.4189000000006
2284.0,2281.1165000000005
2209.78,2212.3439000000003
2187.3,2183.536199999998
2289.56,2292.479000000001
2122.26,2130.7410000000004
2194.8,2192.8763000000013
2216.9,2218.6353
2274.7,2276.0434999999993
2133.64,2132.7577999999985
2044.4,2038.3004999999973
2258.38,2258.5777000000003
2157.8,2157.8803999999996
2083.5,2075.2861000000025
2187.5,2171.6612999999984
2278.2,2282.0750000000003
2201.7,2209.9960000000005
1901.2,1900.3328000000008
2174.55,2173.4481
2229.4,2230.2912999999985
2278.9,2279.388000000001
2254.8,2252.328900000002
2311.6,2316.1913000000013
2292.1,2290.330200000001
2188.9,2189.454799999998
1901.3,1900.1162000000006
2162.8,2164.824500000001
2217.4,2214.6396999999993
2075.0,2078.4512999999993
2259.9,2259.8718999999996
2176.0,2213.1678000000006
1746.4,1893.8884
2285.0,2286.0
2299.2,2292.9880000000003
2164.8,2162.5190000000016
2148.72,2150.9750000000004
2275.13,2275.066499999997
2271.0,2271.3829000000005
2174.0,2169.1323
1999.27,2012.9976000000015
2346.0,2350.9929999999995
2157.7,2160.319300000001
2020.7,2024.1832000000004
2254.1,2250.960399999999
2218.39,2216.1314999999986
2146.2,2151.6327000000015
2202.3,2201.568500000001
2161.35,2155.0210999999995
2115.31,2105.6232999999997
2333.1,2333.7657999999983
2332.6,2337.9419999999996
2244.2,2251.889899999999
2261.3,2261.017100000001
2196.1,2198.487400000001
2185.6,2178.555400000001
2250.52,2251.6476000000002
2163.0,2161.8349000000017
2260.21,2257.1920999999993
2131.86,2112.5761
2201.09,2202.9154000000003
2304.6,2303.0946
2069.8,2065.5850999999993
2176.6,2181.2217000000005
2246.9,2246.051300000003
2266.26,2261.012600000002
2207.18,2208.137899999998
2161.9,2158.8588999999997
2186.8,2184.517100000001
2158.6,2171.257000000001
2147.0,2119.148599999999
2267.5,2268.4975999999992
2356.3,2364.372999999999
2145.3,2154.8292000000006
2201.3,2202.4848000000006
2255.2,2260.7441999999996
1728.4,1763.3114000000025
2337.7,2337.353000000001
2238.0,2240.018
2287.9,2277.991499999999
2189.88,2190.5774000000015
2178.1,2176.3772999999987
1864.91,1857.1292
2271.2,2269.3676000000005
2386.9,2384.104000000001
2205.0,2203.7323000000006
2110.52,2113.2558000000004
2216.3,2198.9304000000006
1921.64,1923.9594000000006
2339.9,2342.3639999999996
2275.1,2278.4064000000003
2288.0,2288.247499999999
1908.8,1908.8145999999992
2241.17,2244.428900000001
2308.0,2308.348000000002
2219.3,2207.662000000001
2264.7,2265.4681999999993
2213.7,2216.102499999999
1810.2,1795.803399999999
2245.08,2247.0891999999994
2369.0,2361.9980000000005
2112.14,2111.3633
2155.4,2153.1907
2160.3,2161.4959999999996
2184.37,2174.5335000000005
2158.3,2161.519300000001
2341.7,2330.3255000000013
2225.9,2223.0145
2230.5,2245.2934
2038.2,2038.4750000000017
2251.0,2254.7153
2098.1,2095.198800000001
2331.2,2334.141999999999
2276.0,2274.758999999997
2178.0,2179.386599999999
2254.8,2254.264500000001
2197.5,2195.4195999999997
2361.3,2356.8930000000014
2255.4,2257.266700000001
2181.1,2174.4181000000003
2212.3,2214.850400000001
2054.2,2053.1110999999983
2305.0,2299.0019
2002.5,2013.1268000000005
2347.1,2351.8619999999996
2067.73,2056.5542000000005
2273.0,2273.915100000002
1947.0,1945.7344000000003
2259.8,2263.0200999999997
1901.86,1848.0327999999995
2154.7,2156.4556
1980.7,1977.3661000000016
2348.9,2349.3259999999977
2200.0,2196.3503
2049.92,2050.0186000000003
2323.5,2325.525400000001
2179.9,2170.6023999999993
2253.2,2251.5271000000025
2228.98,2224.1612
2261.8,2250.894799999999
2082.9,2085.0003999999985
2154.6,2158.6933999999987
2263.0,2260.0521000000003
2372.6,2372.9319999999993
2158.2,2161.354599999999
2274.4,2271.2331000000017
2243.8,2249.8585999999996
2279.5,2276.4699999999975
2320.9,2316.585000000001
2182.3,2185.009399999998
2264.6,2262.2509999999993
2132.1,2125.0502999999994
2270.0,2271.343199999999
2080.3,2077.1534999999985
2080.5,2089.0369000000005
2265.8,2265.8094999999994
2207.5,2207.5887999999995
2138.5,2146.6613
2191.3,2193.8891
2287.93,2287.7028999999998
2254.1,2254.8435999999997
2294.0,2291.275
2198.0,2197.4006000000013
2163.3,2163.3088000000007
2146.8,2147.5296999999996
2241.34,2241.1594999999998
2145.0,2147.4626
2236.7,2183.8269999999993
2156.3,2157.6921000000016
2249.3,2251.0873000000015
2164.2,2168.0548999999996
1905.8,1904.2702999999979
2304.4,2309.055
2342.0,2336.9309999999996
2251.9,2255.5025999999993
1939.41,1959.143599999999
2160.7,2160.6337000000008
2269.72,2267.4961999999987
2237.3,2234.7450999999996
2340.7,2336.5589999999993
1917.2,1916.2614999999973
2364.7,2374.514
2312.4,2314.899000000001
2252.2,2259.4955000000014
2373.8,2374.3159999999993
2067.6,2059.9586000000013
2074.6,2081.1686000000027
2162.8,2162.3185000000008
2265.2,2266.0232000000005
2144.07,2144.004799999999
2339.0,2346.388
2150.4,2156.9224
2311.5,2317.504899999999
2198.0,2213.0648999999994
2206.3,2203.755
2177.6,2180.7524999999987
2146.65,2141.4056000000005
2268.2,2270.199900000002
2154.3,2154.0996
2263.5,2262.984199999998
2296.7,2298.405999999999
2034.6,2026.2438000000006
2360.0,2360.432999999999
2155.1,2160.4371999999985
2237.34,2227.2161999999967
2260.6,2259.2111999999975
2275.0,2274.5883000000013
2012.5,2005.2259999999997
2281.0,2282.936
2166.51,2164.8530999999994
2185.8,2187.6225999999974
2184.7,2182.2767000000013
2163.3,2160.7910000000006
2292.2,2293.8448000000008
2169.8,2166.433099999999
2018.06,2023.057299999999
2346.8,2352.167000000001
2273.0,2278.4415000000004
2359.9,2359.5962000000013
2383.0,2373.936
2156.3,2157.0317999999993
2179.1,2178.655999999999
2270.8,2268.2799000000005
2260.4,2264.3540999999996
2175.5,2180.615
2091.8,2090.064
2298.5,2289.832999999999
2157.5,2186.9267999999993
1960.89,1918.7616000000003
2264.9,2261.6278999999995
2090.51,2084.4774999999995
2302.73,2297.2703000000015
2158.3,2163.843000000002
1950.81,1961.7505000000006
1959.1,1957.9534000000003
2157.2,2152.9632000000006
2090.2,2090.5475
2346.0,2344.9319999999993
2258.0,2264.717399999999
2247.6,2245.4481000000005
2292.5,2294.6900000000005
2298.5,2299.784000000001
2178.7,2179.8889999999997
2289.9,2291.7479999999982
2155.3,2158.8607999999995
2271.24,2271.5149999999994
2160.9,2193.3507999999997
2150.1,2151.040200000001
2193.47,2193.806999999998
2254.7,2255.3085000000005
2247.7,2251.977099999999
2262.48,2262.001599999998
2131.0,2118.9961000000008
2207.72,2212.997599999999
2251.9,2253.3021000000003
2284.48,2281.5993999999996
2200.1,2200.407399999999
1979.3,1985.8151999999993
2268.9,2269.6751999999997
2233.3,2230.9142999999995
2131.7,2136.7667000000015
2196.9,2198.0844000000016
2331.5,2333.936
2013.0,2024.2519000000002
2256.9,2263.0044000000007
2245.8,2248.7953000000007
2261.2,2261.3489000000013
2156.15,2154.8253999999993
2158.1,2155.8309
2299.0,2290.7045
2151.0,2155.898599999999
2091.0,2103.9475
2160.5,2160.9589000000005
2150.1,2156.5294
2061.7,2071.471599999999
2162.3,2160.131700000001
2210.6,2227.5294999999974
2347.4,2347.6150000000016
1810.59,1821.3499000000002
2159.9,2161.9264000000007
2204.6,2203.799599999999
2262.0,2264.0299999999993
2354.8,2354.598000000001
2262.7,2263.3540000000016
2191.9,2196.9606999999987
2336.4,2333.2520000000018
2260.4,2259.767
2093.76,2031.1858999999995
2266.8,2266.8976
2261.08,2263.0059999999994
2204.8,2203.2775999999976
2160.2,2160.6955000000016
2242.6,2241.950400000002
2145.72,2136.092200000001
2210.5,2208.9250999999986
2221.64,2226.288999999999
2001.3,1995.801299999999
2293.3,2291.1041000000005
1989.7,2004.4538999999997
2210.2,2213.1836999999996
2026.2,2028.4715000000024
2156.24,2157.258700000001
2077.33,2070.952199999999
2210.2,2200.9909
2158.51,2155.2111999999997
2159.4,2155.6837999999993
2202.1,2203.032999999998
2269.1,2276.1225999999992
2265.2,2241.6996000000013
2185.63,2186.8549999999987
2301.7,2302.7303000000006
2159.1,2156.6604999999986
2227.3,2219.793300000001
2181.2,2176.430699999999
2093.29,2104.3184
2188.6,2187.3642999999997
2118.6,2155.6794999999997
2234.65,2230.6123000000016
2289.5,2289.156099999998
2252.4,2255.4983999999995
2268.66,2266.763799999999
2271.2,2274.9555000000014
2131.54,2134.759700000001
2268.0,2266.5425999999993
2345.5,2347.7150000000015
2142.8,2138.5055999999995
2162.37,2156.6104999999993
2254.4,2256.0548
1903.27,1912.6689999999983
2153.7,2157.456900000002
2263.0,2260.0667999999996
2249.9,2250.6804999999995
2229.6,2211.2965000000013
2074.0,2075.760099999999
2106.9,2119.0764999999983
2160.0,2163.883299999998
2137.9,2128.2298
2172.03,2173.9688000000006
2135.6,2140.4064000000003
2233.0,2235.8230000000012
2362.0,2358.275
2216.0,2200.6807
2107.6,2161.022099999999
1904.37,1897.4174000000003
2148.96,2154.612999999999
2182.7,2180.2835
2260.4,2261.1517999999996
2055.0,2067.1456
2176.4,2172.2814000000003
2184.8,2182.7681
2280.0,2278.1327000000006
2162.8,2161.9070000000006
2028.0,2035.8095999999975
2162.5,2159.1448
2401.5,2397.775999999997
1740.9,1756.3820000000017
2190.5,2193.251599999999
2302.2,2294.2712
1890.59,1874.898399999998
2151.9,2153.5424999999996
2156.58,2155.8905999999993
2240.6,2243.7662999999984
1776.49,1794.6684999999984
2344.2,2340.4249999999984
2253.9,2252.7719999999995
2189.0,2199.7146
2346.5,2364.817
2355.5,2353.6019999999994
2122.09,2118.376800000002
2166.24,2160.378300000001
2178.3,2180.1858000000016
2188.2,2193.5023999999994
2207.61,2205.3059999999987
2156.2,2147.4647999999997
1709.0,1725.688700000001
2262.24,2255.7591999999995
2310.9,2306.4743000000017
2173.4,2205.7684000000013
2081.0,2078.7320999999984
2151.3,2154.8263
2317.3,2317.9903999999997
2164.12,2162.9577999999997
2145.4,2166.736599999998
2124.3,2156.3186999999994
2155.3,2158.8361000000004
2197.7,2197.668000000001
2080.92,2080.355999999998
2262.7,2261.8088000000002
2064.4,2065.5226000000002
2251.4,2252.581499999999
2297.0,2295.063500000002
2123.18,2120.5172000000002
2186.9,2189.692700000002
2153.6,2154.804000000002
2019.56,2026.8163999999983
2180.3,2178.4587000000006
1926.5,1929.9500999999996
2263.4,2261.8381000000004
2198.1,2199.639500000002
2263.2,2263.060599999999
2339.4,2340.289
2183.3,2179.626999999998
2249.5,2248.6239999999993
2186.0,2183.3417999999992
2175.3,2181.3858999999998
2100.0,2096.4294000000023
2224.9,2252.984599999999
2198.93,2199.7039999999993
2251.4,2249.696699999998
2260.0,2257.6616999999997
2204.6,2209.369400000001
2269.3,2272.6949999999974
2113.2,2115.8027000000006
2170.7,2168.358699999999
2132.65,2125.9069999999992
2036.84,2029.008999999999
2202.9,2202.3866000000007
2246.6,2247.3038
2122.76,2120.6442000000015
2220.8,2219.2513999999996
2351.5,2350.449
2223.3,2228.0153000000005
2237.2,2238.357000000002
2215.41,2231.6698999999994
2216.5,2214.2801999999992
2023.1,2027.212000000001
2296.1,2297.863100000002
2187.2,2177.166300000001
2279.1,2279.068400000001
2380.0,2361.5159999999996
2271.6,2269.5206000000007
2294.3,2291.8514999999984
2062.6,2064.9815000000012
2165.09,2164.1656000000003
2252.5,2251.0355
2258.8,2260.8174999999997
2108.45,2107.1077999999998
2278.3,2278.710299999999
2346.3,2346.0320000000015
2218.82,2219.4664999999995
1973.4,1972.3019999999992
2260.8,2261.851900000001
2237.06,2238.857900000001
2257.5,2255.3209999999995
1801.41,1819.6653999999994
2183.15,2177.894299999999
2347.0,2345.5099999999998
2371.9,2370.308000000002
2355.3,2348.372999999999
2166.0,2167.0733
2372.0,2376.360999999999
2160.7,2161.5542999999993
2280.6,2279.7989000000002
2182.3,2165.824500000002
2177.3,2169.6997999999994
2185.06,2173.610199999999
2195.5,2186.8068999999996
2250.6,2247.6744999999983
2303.07,2294.1476999999986
2287.4,2288.6761
2272.8,2269.6031000000007
2180.5,2207.9525999999987
2194.6,2191.9406000000004
2274.0,2271.7736000000023
2103.69,2094.9842
2290.59,2291.783800000002
2267.9,2264.9134999999997
2259.21,2258.7278999999994
2210.09,2208.7067000000015
2195.81,2194.7014
2368.8,2369.709999999999
2235.1,2231.3214000000003
2385.4,2388.168999999999
2221.7,2219.9215999999997
1916.2,1914.9519999999993
2194.35,2192.3312
2211.8,2212.3317999999986
2151.7,2156.607000000001
2105.3,2102.5973999999983
2207.41,2189.4083000000005
2186.8,2181.3320000000003
1927.5,1928.1925000000003
2213.7,2212.5634000000005
2311.8,2310.9680999999996
2300.0,2314.8590000000004
2262.3,2263.3704000000002
2043.74,2040.8919999999996
2215.5,2213.8004000000005
2102.8,2111.6264000000006
2218.7,2221.4123
2149.5,2141.7102
2152.9,2191.2816000000003
2344.4,2341.8260000000014
2260.7,2259.600200000001
2162.0,2162.4946999999993
2143.9,2158.469000000001
2254.9,2255.1902
2152.4,2154.7103
2327.2,2321.9449999999997
2280.9,2268.3928
2289.0,2287.9597999999996
2256.9,2256.279700000001
2318.1,2310.1836999999978
2165.44,2166.062099999999
2157.0,2153.3141
2261.2,2261.8509999999997
2149.95,2150.263900000001
2298.0,2294.4993999999997
2236.77,2237.0143
2259.4,2264.5306
2171.3,2172.1388999999995
1954.4,1990.4840999999985
2228.2,2226.5672000000004
2165.5,2166.139300000001
2262.5,2263.266099999999
2114.62,2017.3259000000014
2377.3,2375.246000000002
2225.2,2221.024999999999
2252.87,2258.2960000000003
2230.9,2230.503400000001
2196.0,2186.2682999999997
1951.05,1947.2282
1904.21,1904.019099999999
2177.6,2184.0029000000013
2194.7,2196.8936000000012
2159.0,2159.154400000003
2240.52,2240.0154
2290.11,2292.2122000000013
2331.0,2342.7919999999986
2018.0,2028.0647
2283.16,2280.5065999999993
2140.5,2138.7778000000008
2190.3,2192.7353999999996
2257.1,2259.9915999999994
2279.42,2274.6969999999983
2313.0,2308.7416
2235.4,2235.365299999999
2193.3,2204.5210000000006
2086.6,2079.562600000001
2237.87,2240.7664000000004
2236.91,2241.7557999999995
2256.29,2257.945400000001
2175.9,2178.9621000000016
2300.78,2275.9718
2035.34,2032.2057999999981
2259.07,2265.185800000001
2181.8,2171.7303
2234.4,2229.6058000000007
2260.3,2259.8411000000006
2163.41,2160.151099999998
2156.4,2156.9898000000003
2032.5,2041.4866
2300.96,2298.2264999999998
2258.86,2261.1065999999996
2256.12,2256.6732
2265.8,2264.4113
2214.0,2215.4884999999977
2016.26,2026.8239999999994
2172.2,2175.969000000002
2274.55,2275.6514000000006
2124.62,2115.3472
2242.9,2243.9302999999995
2360.0,2356.352
2161.0,2162.637399999999
2321.3,2324.8271000000013
2160.3,2157.3138
2298.1,2294.733000000003
2256.5,2250.047600000002
2311.1,2310.074000000002
2290.0,2291.0
2216.9,2216.782500000001
2260.3,2261.673200000002
2160.1,2159.5369999999984
2291.0,2295.2626
2251.07,2251.490000000001
1986.67,1995.206899999998
2255.1,2256.0675000000006
2169.8,2172.4353
2357.5,2357.421
2297.8,2296.918600000003
2381.0,2377.9369999999994
2119.3,2113.2793
2260.48,2261.0896
2277.0,2259.3457999999987
2241.5,2245.032300000001
2068.0,2066.3767000000003
2163.8,2159.4033999999992
2260.9,2261.9685999999997
2268.8,2264.5688000000005
2267.9,2260.3450000000007
2230.1,2232.9081999999994
2191.9,2192.339899999997
2345.0,2344.8340000000007
2236.9,2238.104900000001
2181.2,2178.0968
2294.8,2293.3441000000003
2119.9,2119.5176000000015
2255.9,2256.815599999999
2283.1,2283.6232000000005
2264.5,2261.4813
1949.8,1960.4289999999994
2074.58,2062.9328
2258.4,2260.478399999999
2260.91,2256.5753
2199.3,2197.8553000000006
2263.9,2262.5347
2291.2,2292.0059999999976
2363.3,2363.4640000000018
2076.4,2070.3664999999996
2245.7,2245.3671000000004
1939.7,1936.9581999999978
2264.7,2264.1049999999996
2171.0,2169.744199999999
2284.42,2282.121799999999
2031.3,2036.9617999999991
2272.1,2272.6804999999995
2171.85,2163.020599999999
2231.69,2234.819199999999
1970.8,1975.1172
2220.8,2220.2628000000004
2197.6,2199.4617000000003
2172.3,2163.910199999999
2191.3,2190.8372999999997
2291.41,2294.1456000000017
2230.3,2235.6247999999987
2200.92,2179.452000000002
2172.83,2174.0977000000007
2260.8,2259.2706000000007
2233.71,2223.316999999999
1991.6,1990.296000000001
2350.8,2351.813999999999
2198.88,2210.0319000000018
2267.09,2271.639800000001
2163.5,2163.920200000002
2262.7,2262.7077000000004
2264.7,2266.2733999999987
2255.0,2246.7727
2147.5,2148.916499999999
2166.6,2165.1725
2279.9,2280.9567000000006
2083.21,2075.0798999999997
2274.8,2276.526999999999
2254.0,2253.573999999999
2175.7,2171.865200000001
1968.2,2043.2476999999997
2053.5,2069.4175999999998
2268.7,2271.4599000000007
2251.96,2258.0697000000014
2115.7,2119.3725000000004
2153.0,2155.5334000000003
2364.0,2351.946
2199.18,2194.3893999999996
2136.9,2141.4351000000015
2201.15,2199.113000000001
2237.4,2234.633500000002
2351.8,2349.2390000000005
1912.8,1946.2727000000007
2189.3,2187.694900000002
2046.6,2049.2219000000014
2233.5,2233.5060000000003
2158.7,2163.397600000002
2007.83,2018.212999999999
2082.05,2077.760399999999
2265.0,2259.6917999999987
2017.7,2010.3187000000012
2234.3,2236.338200000002
2233.02,2226.9716000000017
2281.0,2274.3006
2264.0,2263.3433999999997
2264.4,2262.4487000000004
2271.7,2269.6243000000004
2211.8,2210.0936999999994
2243.4,2237.658799999999
2248.8,2249.9576999999995
2238.9,2243.1719999999996
2238.0,2245.4926999999984
2152.5,2152.922799999999
2309.2,2312.262000000001
2278.9,2283.6091000000006
2189.9,2194.8814
2163.9,2163.583500000001
2327.2,2290.4283999999984
2229.9,2230.2998
2162.96,2160.1204000000002
2177.0,2177.060500000002
2172.74,2176.5953999999997
2373.7,2368.0229999999997
2251.6,2253.2648000000013
2148.0,2153.1854000000003
2342.9,2344.3
2144.5,2145.1312999999996
2253.9,2253.392000000001
2345.4,2356.5989999999997
2357.8,2368.737999999999
2268.6,2265.279099999998
2176.96,2183.1453000000006
2131.4,2125.4077
2206.1,2200.5350000000003
1717.7,1739.2213000000006
2347.8,2345.8740000000016
2264.0,2235.053600000001
2140.32,2143.011899999999
2262.3,2261.128999999999
2291.7,2289.7154
2086.16,2093.2758000000013
2198.96,2200.0932999999995
2004.9,1994.176999999999
2095.6,2099.8315999999995
2263.2,2264.4046000000003
1939.67,1929.4839999999997
2147.7,2152.1426000000006
2270.0,2266.0791000000004
2199.0,2201.2896999999994
2357.4,2354.9100000000017
2251.2,2253.0194000000006
2196.31,2198.1948000000025
2240.4,2242.926000000001
2380.0,2382.767999999998
2213.2,2214.4233
2134.94,2138.4612000000006
2176.5,2180.1047999999987
2209.09,2208.9556000000002
2228.0,2231.7639000000026
2184.5,2185.458499999999
2267.3,2269.6748
2304.45,2296.3108
2153.8,2174.580600000001
2207.3,2207.249399999999
2050.5,2047.6455
2202.8,2200.644900000001
2150.65,2153.4343999999996
2054.75,2057.7811000000006
2203.36,2203.1652000000013
1913.0,1899.4872
2050.75,2049.360900000001
2259.3,2260.3532999999998
2070.9,2071.8012999999996
2124.0,2121.745700000001
2188.65,2186.1308999999987
2150.88,2154.8088
2204.57,2202.4685999999997
2255.7,2258.9800999999993
2260.4,2268.7409999999977
2219.26,2223.4896000000017
2278.54,2281.7256999999995
2209.1,2214.258500000002
2160.21,2156.4276000000023
1954.25,1954.1521999999995
2302.95,2301.3290999999995
2132.0,2135.7872
2260.24,2260.5883000000003
2157.0,2157.407199999998
2164.0,2178.992199999998
2207.0,2206.8939000000005
2329.7,2339.5320000000006
2274.1,2277.587799999998
2264.83,2264.755599999998
2170.9,2171.2166
2263.4,2253.3272
2267.74,2267.053699999999
2169.5,2171.8259
2202.6,2202.937800000001
2299.5,2294.9480000000003
1964.1,1962.2931000000003
1925.39,1926.8344999999993
2165.53,2171.3028999999997
2145.67,2142.595800000001
2258.8,2257.7711000000018
2256.53,2259.1171
2269.3,2265.300199999999
2164.6,2162.068200000001
1976.8,1984.580600000001
2191.63,2194.0003
2178.32,2175.3079000000007
2155.4,2160.1873999999993
2126.6,2121.415100000001
2207.94,2202.0385000000006
2246.69,2255.9943
2253.3,2254.106000000001
2302.37,2301.8071999999984
2260.2,2257.568600000001
2267.6,2267.4819
2239.7,2219.9764000000005
2058.0,2060.270099999999
2134.9,2122.9688000000006
2218.3,2213.2991
2157.8,2161.1981
2236.49,2232.7653999999984
2170.0,2171.0233999999996
2161.62,2172.041700000002
1937.39,1935.5847000000012
2141.59,2144.2569
2118.7,2117.1227
1921.99,1923.1176999999998
2238.3,2239.170500000002
2220.3,2221.2878999999994
2312.3,2305.784399999998
2201.1,2199.4654000000005
2028.1,2029.6647999999989
2124.2,2119.9510000000014
2252.2,2252.0016999999993
2177.3,2169.4713999999994
2175.01,2180.245
2177.1,2176.3421000000003
2180.3,2179.5403
2209.46,2211.770900000002
2265.12,2267.9815999999987
2267.45,2266.6005999999993
2127.2,2157.5364000000004
2181.2,2174.5786000000003
2262.5,2263.0626999999986
2189.7,2191.7734999999993
2082.5,2071.947199999999
2305.4,2308.7070000000017
2271.0,2271.199999999999
1954.52,1958.0666000000015
1984.74,1989.0206000000012
2150.5,2173.583199999998
2307.9,2309.569000000001
2168.0,2170.1451
2228.1,2229.3159000000005
2287.0,2289.485999999999
2273.6,2274.0622000000008
2161.0,2160.8860000000004
2165.2,2161.9885999999988
1995.7,2000.5279999999998
1900.6,1903.5210999999995
2195.4,2199.7715999999996
2320.9,2338.705
2154.2,2163.629500000002
2244.13,2248.0032000000006
2169.4,2173.675600000001
2124.88,2086.1225999999983
2292.8,2297.622
2083.0,2099.7930999999994
2269.2,2260.7431999999994
2210.48,2212.7923999999985
2155.7,2163.504399999999
2200.0,2202.2974000000013
2246.1,2251.3301
2239.21,2231.6186000000034
2152.2,2151.7700000000004
2272.4,2280.3219999999988
2347.8,2361.003
2174.3,2175.579999999998
2310.09,2294.482499999998
2258.8,2259.7583999999997
2108.5,2116.4026
2255.4,2253.0498
1913.31,1942.8809999999994
2134.9,2141.1875000000005
2057.36,2037.2772000000002
2264.64,2265.2700000000004
2253.2,2251.817700000001
2065.4,2065.2890000000007
2160.0,2157.6680000000006
2212.7,2217.9219
2215.2,2227.459200000001
2333.0,2331.449999999999
2158.2,2161.8682
2115.23,2112.636
2180.84,2180.857300000002
2268.4,2263.650600000001
2272.7,2276.0923999999995
2249.7,2248.1695
2155.7,2157.6046
2214.6,2213.6509999999994
2229.6,2228.1909000000014
2316.4,2298.7094
2262.8,2264.6373999999996
2305.3,2305.9847000000013
2248.3,2251.6631
2164.4,2162.9571000000014
2212.6,2214.6291999999994
2333.75,2329.2838999999985
2364.5,2367.838
2061.0,2053.7271
2361.2,2359.407000000001
2314.9,2315.168199999997
2311.6,2346.307
2226.8,2223.4965999999986
2254.0,2252.949699999998
2292.0,2294.3116000000005
2362.2,2362.507000000001
2152.6,2154.3275
2193.8,2199.6834000000003
2159.22,2154.1674999999996
2274.1,2275.7412000000027
2257.8,2263.1186999999986
2217.8,2217.1477000000014
2203.5,2200.889799999999
2284.81,2286.0864
2031.1,2023.9610999999998
2333.4,2341.394
2260.1,2259.2593999999995
2262.1,2265.4966999999997
1774.2,1745.9544000000005
2247.63,2247.9692000000005
1926.2,1934.735399999999
2371.0,2351.353999999999
2147.0,2145.8695000000002
2163.15,2154.6294000000003
2263.8,2264.7660000000005
2370.1,2372.8810000000003
2150.5,2146.676000000001
2003.41,1940.7038999999997
2288.25,2289.5254999999997
2266.94,2267.3962000000006
2262.5,2259.3582
2165.9,2163.8721000000005
2151.4,2154.7668999999996
2106.0,2111.748700000001
2254.3,2252.684200000001
2159.55,2158.1932000000006
2128.8,2125.7804999999994
2066.6,2059.8927000000003
2231.1,2230.1261999999983
2060.03,2060.203899999999
2068.57,2107.3273999999988
2196.4,2195.162299999999
2262.3,2262.6349999999984
2347.3,2348.9409999999993
2259.4,2262.4272999999985
2255.0,2249.3502000000003
1990.5,2004.5552000000002
2282.69,2282.2829999999994
1731.6,1734.4951000000008
2013.5,2011.0912000000012
2223.8,2222.4110000000005
2274.3,2272.8940999999995
2183.77,2179.4605000000042
2001.3,2010.5422000000008
2260.78,2260.1064000000006
2219.4,2217.8045999999986
2194.2,2196.892899999998
2087.6,2095.9538000000002
2153.3,2157.460400000001
2172.1,2174.6655999999994
2243.9,2244.7481
1992.5,1990.5581999999995
1939.8,1941.9412000000002
2200.04,2201.9819
1960.9,1966.5357999999999
2233.65,2234.2151999999987
2266.0,2265.3179999999998
2175.6,2174.9188999999997
2239.2,2235.738900000001
2155.9,2162.9544999999994
2270.1,2268.0876000000003
2242.8,2241.9195999999997
2196.52,2194.8641000000007
2263.8,2265.8042
2221.72,2216.8893999999987
2379.0,2377.8059999999996
2183.1,2185.761699999999
2164.5,2159.5144000000014
2195.8,2195.7514000000006
2161.6,2159.8092999999994
1801.9,1812.2216999999991
2203.1,2203.8606000000004
2316.5,2323.840200000001
2164.0,2159.175000000001
2248.0,2256.8095999999987
2084.0,2089.3888999999986
2149.6,2139.5366999999997
2189.3,2193.909400000002
2043.4,2041.6458000000002
2216.0,2217.3461999999963
2260.2,2261.230800000001
2159.83,2159.7923000000005
2260.9,2261.038
2160.0,2158.2407000000007
2361.8,2368.9930000000004
2196.32,2198.6040000000007
2299.3,2295.7580000000003
2150.9,2154.6692999999996
2162.81,2164.138000000001
2284.0,2272.0289
2205.2,2200.6018999999997
2281.7,2279.7924000000003
2240.3,2241.9098
2281.4,2283.9903000000004
2186.83,2196.2028999999993
2250.1,2246.159300000001
2167.48,2173.115799999998
1848.9,1891.8252000000016
2201.25,2196.2707
2275.2,2277.7479999999987
2247.1,2246.111400000001
2196.2,2196.733500000001
2162.0,2161.4129
2261.0,2260.125299999999
2313.1,2301.912
2161.1,2161.8389000000006
2157.8,2154.413999999999
2254.4,2258.950600000003
2280.25,2276.65
1969.1,2016.6486000000007
2164.8,2161.7625000000003
2249.6,2249.6730000000007
2152.12,2148.7991999999995
2268.74,2270.351599999998
2290.9,2290.043999999999
2168.0,2167.6689
2233.99,2226.2281000000007
2127.53,2124.0967
1902.9,1904.3166
2330.0,2330.167000000001
1960.6,1964.8722
2211.8,2211.7787
2174.39,2163.5103999999997
2092.7,2098.4855999999995
2325.7,2328.2999999999993
2250.34,2245.987600000002
2062.0,2089.671199999999
2159.2,2158.6945000000005
2201.5,2199.2402000000006
2153.7,2154.1911000000005
2160.1,2157.0348999999997
2167.6,2130.83
2138.7,2119.4051
2206.41,2193.059999999999
2038.79,2036.0801999999994
2248.4,2248.424600000001
2166.4,2167.443600000001
2294.0,2290.975
2247.2,2248.4545000000007
2339.0,2336.8082999999997
2163.35,2163.194900000001
2031.06,2031.4180999999994
1960.1,1960.8295000000005
2276.4,2270.165
2144.4,2156.571000000001
2260.96,2261.4219999999996
2292.0,2288.9611999999993
2234.8,2231.9295999999986
2268.2,2267.969
2270.8,2266.214900000001
2141.47,2139.2643000000003
2286.0,2284.6976
2352.1,2354.843999999999
2308.3,2320.7883000000015
1883.89,1887.353199999999
1950.8,1943.2242000000008
2289.2,2286.6946999999996
2318.2,2316.5150000000012
2286.4,2285.6697
2150.1,2154.868699999999
1920.2,1912.4798999999987
2302.4,2297.7202999999995
2272.5,2268.144
1866.62,1870.6955999999998
2134.78,2129.817999999999
2301.0,2299.3192
2337.7,2333.606999999999
2191.9,2187.6114999999995
2235.4,2225.7825999999995
2210.97,2211.5922999999993
2199.92,2203.354800000002
2207.6,2207.964300000001
2186.99,2181.540000000001
2290.16,2291.1664999999985
2287.84,2287.8594000000007
2241.9,2222.0448000000006
2208.7,2207.2495999999996
2306.0,2296.5541000000007
2255.9,2253.5452999999998
2265.1,2259.9850000000024
2329.7,2333.1329999999984
2156.0,2142.347300000001
2177.5,2181.9365999999995
2186.0,2187.0350000000017
2273.5,2270.4523999999997
2160.3,2160.9025999999994
2238.3,2233.132400000001
2321.2,2320.6955000000007
2235.48,2227.7677000000003
2257.8,2255.661899999999
2265.0,2265.8345999999983
2254.98,2263.556000000001
2104.4,2110.8988999999997
2210.9,2216.748900000001
2095.6,2087.5130999999997
2141.0,2144.547099999999
2203.6,2199.8351999999986
2261.3,2260.9891000000007
2133.85,2129.4422999999997
2255.49,2252.5806
1930.11,1920.3263999999995
2021.1,2020.8550999999998
2261.7,2261.3059
2332.7,2334.85
2196.0,2186.2002999999995
2267.5,2267.679900000001
2136.1,2140.5497000000014
2305.83,2309.583500000004
2289.3,2251.1010999999994
2303.0,2297.5133
2322.8,2326.9123999999997
2144.9,2131.7784000000006
2325.2,2321.032
2051.5,2055.5916999999977
2268.9,2270.0797000000002
2173.9,2161.7138000000004
2273.28,2275.904
2246.8,2245.9659000000015
2178.56,2178.287200000001
1842.73,1845.9854000000005
2159.1,2161.1698999999994
2349.8,2348.3550000000005
2265.2,2266.0351999999993
2289.5,2293.0793000000003
2261.1,2260.8230000000012
2194.31,2196.983600000001
2138.6,2138.7350999999994
2216.2,2225.4194000000007
2313.7,2319.3256000000024
2262.4,2263.1852
2197.2,2197.7671000000023
2132.2,2114.1205999999997
2212.4,2214.3976000000007
2153.2,2154.5422999999996
2068.0,2060.333599999998
2152.9,2152.814699999999
2162.0,2157.825000000001
2033.3,2045.174999999999
2149.1,2156.352100000001
2312.0,2301.9307
2234.9,2229.2953999999995
2200.79,2199.7114999999994
2199.0,2198.607000000001
2220.2,2216.7043999999996
2199.93,2200.2657000000013
2226.3,2228.904399999998
2212.3,2209.4843999999994
2183.5,2194.086899999999
2161.76,2163.9058
2158.5,2158.955100000001
2337.0,2328.2998999999995
2162.59,2159.9604
1998.6,2006.5216000000007
2252.5,2250.3172000000004
2134.3,2133.110000000001
1826.3,1845.4048999999995
2178.0,2191.821000000001
2140.3,2137.3213
2194.0,2192.9550000000004
2154.5,2154.6569000000013
2260.0,2259.648500000001
2185.0,2183.9712999999997
2252.6,2247.2064000000014
2217.53,2215.1954000000014
2202.02,2202.726400000001
2315.2,2319.892999999999
2248.7,2251.3285000000005
2349.2,2370.55
2186.22,2173.277699999999
2255.99,2251.9598999999994
2174.4,2168.146299999999
2186.0,2187.195000000001
2172.9,2179.2448999999997
2215.8,2214.7185
2125.1,2124.463100000001
2176.0,2175.3562
2299.46,2297.1083000000003
2089.9,2090.977100000001
2274.4,2277.3995999999993
2108.48,2115.7307000000005
2260.6,2261.043699999998
2103.7,2111.2046
2051.0,2058.1567
2215.58,2210.5786000000007
2164.23,2167.069200000001
2260.7,2263.035
2168.86,2170.6674999999996
1898.6,1900.2215000000006
2169.39,2163.895799999999
2159.53,2159.8241000000007
2153.8,2160.8558000000003
2384.0,2371.453000000001
2313.7,2314.2643999999996
2220.4,2221.4350000000004
2150.1,2156.3673999999996
2085.0,2090.8982000000005
2254.01,2254.5307999999986
2158.7,2157.627699999999
2274.3,2269.0922999999984
2284.1,2275.935499999999
2252.2,2256.9419000000007
2128.58,2114.3419000000013
2051.51,2043.4576999999988
2274.0,2273.503
2277.0,2282.6583000000005
2155.4,2155.691100000001
1938.46,1921.954500000001
1931.15,1930.7982000000006
2268.95,2268.7787
2324.0,2338.6179
1833.8,1830.8138000000017
2310.3,2312.3451999999997
2290.2,2293.3943000000017
2268.3,2265.923899999998
2266.6,2265.3774999999996
2263.1,2258.553099999999
2207.7,2207.3016999999995
2312.4,2312.5735999999993
2135.0,2138.5579000000002
2162.3,2160.7745999999997
2291.7,2297.525
2187.4,2184.4095999999986
2346.4,2345.0260000000007
2290.7,2285.5849999999996
2279.7,2277.6013
2240.1,2226.913900000001
2253.0,2253.6321000000007
2230.7,2227.3648000000003
2299.2,2296.5118000000007
2260.9,2257.4572
2286.0,2284.8143999999993
2295.6,2290.0009999999975
2164.88,2166.9463000000005
2241.7,2239.400900000001
2180.5,2182.5519999999997
2266.0,2267.082200000001
2260.75,2263.6765999999975
2095.73,2078.1759000000006
2281.1,2282.2524000000003
2311.7,2309.7623999999983
2286.0,2283.145
2035.7,2029.3213999999998
2064.0,2067.2908999999995
2074.01,2074.725700000001
2251.5,2251.940100000001
2235.3,2236.586100000001
2159.3,2157.397900000001
2226.01,2224.400500000002
2323.3,2321.454999999999
2173.6,2176.4762000000023
2375.3,2370.459
2160.6,2159.901000000001
1772.03,1841.8578000000014
2315.3,2316.275000000001
2295.6,2295.3545
2220.35,2225.402800000002
2205.8,2204.8890999999985
2196.8,2197.0131000000006
2202.6,2202.3288000000002
2123.0,2121.3670999999995
1956.7,1959.4088000000013
2076.5,2130.2862000000005
1966.8,1967.2017999999998
2263.52,2262.8654999999985
2337.1,2333.4280000000003
2253.8,2252.6242999999995
2122.8,2110.1515000000013
2312.6,2312.870000000002
2254.3,2257.418799999998
2190.2,2196.5039
2161.4,2161.4530999999997
2164.2,2172.647499999999
2279.5,2277.5849999999987
2166.5,2162.134299999998
1980.4,1986.7884999999994
2166.55,2166.5978999999993
2153.1,2153.6346000000003
2310.3,2313.970999999999
2346.0,2327.1593999999986
2161.3,2169.1175999999996
2267.17,2263.7910000000015
2266.8,2267.2170000000006
2246.2,2247.6756000000023
2057.1,2059.314
2133.7,2148.8153000000007
2159.0,2158.241900000001
2162.1,2161.9323000000013
2216.47,2215.734
2032.4,2050.1822000000006
2257.4,2259.8298
2161.6,2162.8171999999995
2198.7,2201.5387000000023
2220.79,2213.432200000001
2234.7,2233.3291
2155.9,2158.2416999999987
1886.4,1886.0227000000007
2200.9,2201.4534
1849.02,1855.1673999999998
2132.87,2132.4468000000006
2259.2,2264.2120999999997
2344.0,2347.9920000000006
2282.1,2277.8994000000007
2156.95,2152.5092999999997
2134.1,2134.640000000001
2282.1,2279.7747000000004
2286.59,2282.947299999999
2282.0,2283.0228000000006
2187.81,2187.6149000000005
2264.2,2271.9156000000003
1695.12,1727.4784000000006
2151.2,2153.5995999999986
2255.9,2256.0081
2152.9,2152.971499999999
2243.42,2244.1826000000005
2203.0,2201.1133999999997
2116.0,2174.7371000000007
2325.2,2330.6467000000002
2251.0,2256.1250999999975
2262.1,2261.059800000001
2277.3,2277.5516000000002
2197.6,2196.135999999999
2278.39,2280.276400000001
2154.6,2155.4399999999996
2263.4,2264.963799999999
2175.4,2178.649200000001
2235.0,2236.8768999999998
2258.7,2259.3499999999995
2202.77,2203.1292000000008
2207.0,2200.951900000001
2159.9,2161.8781000000004
2148.9,2153.2572000000014
2329.0,2331.5609999999997
2164.99,2096.1807999999983
2309.74,2290.3986999999993
2234.8,2234.7418000000007
2321.3,2315.7119999999995
2165.55,2163.062899999998
2257.8,2255.885700000002
2316.4,2313.2989999999995
2375.2,2371.9790000000007
2167.9,2169.1192999999994
2237.9,2238.8153000000016
2286.6,2268.3389999999995
2161.7,2161.8109000000004
2256.5,2256.677600000001
2067.0,2062.4251999999997
2251.32,2253.5785999999994
2199.63,2200.2637000000004
2307.2,2308.692000000002
2164.6,2165.963600000002
2288.2,2285.991999999999
2270.3,2269.5782999999988
2231.39,2230.5242999999996
2300.4,2298.0438000000017
2260.0,2260.508
2270.6,2270.5680999999995
2213.4,2213.706699999999
2273.2,2268.1059999999993
2262.25,2259.6984000000007
2247.4,2246.2415999999985
2050.51,2049.685799999999
1987.6,1982.5174000000002
2098.0,2102.1799999999994
2159.2,2157.9038000000005
2148.62,2144.9265
1962.2,1960.323
2230.48,2232.6628
2240.6,2242.1902999999998
2200.5,2195.5345
2246.8,2247.4277000000006
2241.87,2222.6481999999996
2159.46,2165.0307
2207.8,2211.0720000000006
1978.3,1981.0878
2156.7,2156.789300000001
2263.7,2265.3839000000003
2040.6,2045.597200000001
2223.2,2239.8041000000003
2257.4,2260.1586000000007
2289.1,2287.9934
1980.22,1981.742100000001
2343.8,2322.272099999999
2195.2,2199.6635
1958.5,1977.2943000000005
2113.6,2110.5984999999982
2326.7,2328.717
2285.02,2285.370300000001
2262.41,2259.7823000000003
2258.0,2259.203400000001
2329.7,2330.0690000000004
2219.8,2216.115199999999
2166.21,2165.2871999999993
2112.0,2093.936499999999
2185.0,2179.3742
2262.2,2263.5256999999997
2157.0,2157.0791
2258.53,2261.0651999999995
2162.0,2160.6906999999997
2165.0,2166.502499999999
2261.9,2262.9058999999984
2249.9,2246.9895999999985
2169.74,2175.1715999999974
2228.74,2115.6107
2237.2,2237.3687999999984
1811.3,1790.5151000000014
2258.1,2259.465099999999
2154.1,2155.3477999999996
1964.0,1962.0962000000009
2221.9,2227.7784
2313.0,2308.0410000000015
2149.3,2146.4776999999985
2333.0,2339.357
2223.0,2226.5817
2249.4,2251.7290000000003
2298.4,2296.4917000000023
2196.3,2201.1626999999994
2084.7,2085.3015999999984
2276.0,2276.0879999999984
2335.5,2336.9259999999995
2065.0,2083.5846
2171.7,2163.0512000000012
2320.1,2328.058000000001
1978.7,1981.6460000000006
2192.8,2191.8313999999987
1979.3,2020.1455999999994
2260.8,2263.7503000000006
2255.1,2252.498600000001
2149.19,2149.8045
2152.85,2154.9482
2278.7,2280.292600000001
2267.9,2263.543299999999
2364.5,2364.624000000001
2237.8,2234.3374999999996
1726.54,1772.1339
2069.46,1981.2465999999995
2262.7,2261.4344999999994
2360.0,2358.969999999999
1973.42,2044.5856999999994
2228.8,2228.219599999999
2102.7,2106.9468000000006
2215.8,2217.660900000001
2209.98,2201.966500000002
2278.9,2272.1268999999984
2065.16,2077.043099999999
2288.3,2293.6330999999996
2161.0,2155.9283999999993
2246.7,2245.5456999999988
2318.9,2319.0200000000004
2341.9,2342.670000000002
2284.0,2286.3217
2023.7,2038.1891000000012
2148.76,2153.3275999999996
2237.7,2234.722500000002
2151.6,2145.7445999999995
2053.0,2049.946
2126.1,2131.123
2258.51,2258.3382
2164.3,2159.172299999999
2258.8,2257.484
2164.56,2163.758699999999
2272.2,2266.9627999999993
1927.7,1925.6088000000009
2162.47,2162.824200000002
2048.99,2044.6438999999987
2188.6,2181.2631000000006
2172.6,2181.0509999999977
2284.35,2250.1788999999994
2249.4,2249.998700000001
2154.6,2161.065199999999
2158.4,2158.464300000002
2258.8,2269.327000000001
2210.8,2215.969400000001
2297.81,2299.244799999999
2155.6,2152.0918
2256.5,2255.244099999999
2099.72,2104.543
1745.54,1842.0713000000003
2289.0,2288.916199999999
2192.8,2202.2275
2257.4,2261.7012000000013
2270.5,2268.187
2190.65,2170.7725999999993
2160.5,2159.4396999999994
2213.8,2213.4438000000005
2157.7,2157.4096000000004
2151.6,2156.6927
2214.68,2219.1706999999997
2248.1,2243.5792000000015
2227.4,2229.6366000000003
2148.88,2148.7870000000016
2221.0,2220.911199999999
2125.9,2127.953
2065.6,2069.878099999999
2339.8,2340.168999999999
2231.0,2230.5882
2195.9,2195.6290999999987
2023.5,2024.1286000000014
2166.64,2160.6135999999997
2033.8,2030.0520000000013
1928.7,1932.6245999999987
2226.53,2224.363099999999
2234.3,2214.5673
2288.3,2288.374799999998
2242.6,2244.423899999998
2247.9,2249.1163
2277.6,2279.1367999999984
2161.4,2156.4451000000017
2263.1,2260.797799999999
2157.2,2156.6956
2129.8,2132.4161000000004
2262.17,2265.1776999999993
2284.9,2284.720299999999
2250.86,2248.8718000000013
2044.0,2036.9744999999996
2361.1,2360.8190000000004
2181.3,2176.7152000000024
2185.6,2155.5908999999992
2265.5,2264.5455000000015
2218.5,2228.8253999999997
2271.26,2270.525200000001
2155.1,2157.253200000002
2326.4,2323.979
2263.0,2263.0700999999976
2197.8,2198.0080000000003
2249.41,2251.0854000000018
1861.4,1877.2408999999993
2068.96,2058.5061
2203.0,2200.8096
2308.4,2314.772199999999
2143.7,2146.0856000000003
2334.9,2333.3229999999985
2307.3,2308.268000000002
2271.8,2270.892700000001
2357.9,2346.245
2138.0,2140.0395000000008
1978.47,1969.0166999999992
1922.34,1918.0835999999993
2179.4,2182.216499999998
2164.6,2163.286599999999
2310.3,2310.8210000000017
2264.65,2268.3249999999985
2222.0,2219.7295
2264.3,2264.060999999998
2173.56,2170.7843999999996
2195.8,2196.4466999999995
2336.8,2335.1879999999983
2104.06,2101.4277000000006
2212.5,2208.4714000000004
2354.2,2347.9599999999978
1905.7,1904.9304999999983
2346.5,2349.2770000000023
2299.61,2307.2036000000003
2131.33,2128.3477999999986
1807.8,1815.6619999999996
2258.0,2255.7362999999996
2293.0,2289.068900000001
2094.58,2079.526200000001
2098.62,2103.2964999999986
2176.7,2183.0634999999993
2245.0,2242.6358999999998
2250.1,2254.2699999999986
2206.0,2206.9294000000014
2253.99,2255.9426999999996
2035.1,2040.217699999998
2363.1,2364.8310000000015
2227.0,2223.3648999999996
2295.0,2295.796199999999
1993.4,1993.3109999999986
2218.06,2214.4278000000013
2132.3,2150.2525999999993
2098.42,2074.995599999999
2160.8,2162.581200000002
2157.5,2159.0205000000014
2261.2,2264.0882999999985
2058.02,2078.276099999999
2266.0,2270.5484000000015
2268.55,2272.0413000000003
2133.7,2142.9459
1974.99,1866.2507999999996
2050.0,2052.9728000000005
2243.24,2243.442699999999
2317.5,2319.7430999999992
2262.9,2263.2604000000006
2344.2,2346.947999999999
2242.3,2244.1827000000017
2286.0,2290.669999999999
2109.43,2109.698999999999
2271.87,2274.5797
2091.4,2095.379100000001
2259.8,2259.8749000000007
2159.6,2158.2032999999974
2257.5,2263.697400000002
2260.2,2269.376900000001
2172.6,2176.7816999999995
2188.6,2191.542300000001
2280.7,2278.1261999999992
2287.8,2285.4898999999996
2342.5,2337.2169999999996
2249.8,2251.0114
2166.9,2175.310299999998
2250.4,2247.201300000001
2264.6,2261.0807999999984
2134.55,2133.9748000000013
2147.4,2156.5547999999985
2254.3,2253.4362
2263.9,2266.559699999999
2165.0,2165.157799999999
2246.8,2253.0941999999995
2266.7,2267.3081000000016
2341.8,2330.7071000000014
2262.3,2260.8691
2177.84,2176.2384000000006
2257.8,2252.680700000001
2327.57,2329.9287
2266.1,2265.4493
2360.8,2359.167
2283.5,2278.9520999999986
2212.79,2212.064800000001
2348.0,2336.9669999999996
2296.9,2297.0319999999997
2169.07,2165.3528000000006
2265.7,2265.178999999999
2183.99,2180.2905000000014
2181.24,2181.7834
2217.1,2192.455
2256.8,2259.5807000000004
2298.0,2303.0137999999993
2291.5,2291.217499999999
2295.38,2284.3875
1834.2,1860.941900000001
1941.54,1939.3451999999984
2368.2,2362.784
2304.0,2302.603
2249.6,2244.9741999999983
2331.5,2331.394000000002
2256.2,2261.5152999999996
2262.83,2260.9401
2155.0,2163.8884
2225.1,2229.3338999999996
2251.2,2248.912900000001
2095.0,2094.7280000000014
2239.9,2239.790300000001
2142.7,2147.9261000000015
2160.0,2159.7877
2261.9,2262.870599999998
2283.58,2281.1622000000007
2152.2,2156.5880000000006
2210.5,2216.367400000001
2240.84,2237.4628000000007
2362.2,2355.5879999999993
2361.8,2363.841
2264.8,2264.542000000001
2044.5,2054.960599999999
1714.0,1811.9863000000012
2259.8,2262.2244000000005
2256.1,2255.9684000000025
1947.0,1952.141099999999
2268.0,2270.379599999999
2359.0,2357.0149999999994
2158.61,2157.013100000001
2177.6,2175.9302
2162.2,2161.6838999999986
2176.47,2174.5059999999994
2401.7,2397.222999999997
2285.8,2283.387600000001
2209.2,2212.4128
2203.0,2200.977800000002
2366.6,2364.0960000000014
2242.5,2239.584499999999
2162.3,2164.8389
2210.81,2212.105000000001
2289.7,2287.2663000000002
2290.8,2294.9708999999966
2303.86,2302.4354000000026
2249.6,2253.4585000000015
2283.1,2282.5834999999993
2221.8,2225.7459000000003
2239.8,2240.0290000000014
2365.0,2362.8129999999996
2191.6,2193.338600000001
2202.67,2201.3866999999996
2035.5,2034.779699999999
2161.0,2154.466099999999
2257.9,2256.8119999999994
2269.3,2267.5981
2338.8,2345.423
2283.1,2278.875800000001
2149.6,2153.4431999999997
2145.3,2143.3101000000006
2021.6,2020.5914999999995
2171.6,2173.588900000002
2286.08,2292.4295000000006
2254.5,2254.983599999998
2163.6,2160.531199999999
2225.1,2223.6324999999993
2215.4,2214.058500000001
2161.7,2158.4973000000005
2048.54,2043.1625000000017
2259.3,2260.434800000001
2274.0,2268.8931
